{
  "synthetic_sde": {
    "Commuting (Case A)": {
      "sparsity": {
        "precision": 1.0,
        "recall": 1.0,
        "avg_magnitude": 1.2788686079124678e-16
      },
      "mc_estimate": 0.0,
      "mc_variance": 0.0,
      "cv_estimate": -0.016004599630832672,
      "cv_variance": 2.3753619871058618e-07,
      "variance_reduction": 0.0,
      "train_losses": [
        0.0,
        0.0,
        0.0,
        0.0,
        0.0,
        0.0,
        0.0,
        0.0,
        0.0,
        0.0,
        0.0,
        0.0,
        0.0,
        0.0,
        0.0,
        0.0,
        0.0,
        0.0,
        0.0,
        0.0,
        0.0,
        0.0,
        0.0,
        0.0,
        0.0,
        0.0,
        0.0,
        0.0,
        0.0,
        0.0,
        0.0,
        0.0,
        0.0,
        0.0,
        0.0,
        0.0,
        0.0,
        0.0,
        0.0,
        0.0,
        0.0,
        0.0,
        0.0,
        0.0,
        0.0,
        0.0,
        0.0,
        0.0,
        0.0,
        0.0
      ]
    },
    "Non-commuting (Case B)": {
      "sparsity": {
        "precision": 1.0,
        "recall": 1.0,
        "avg_magnitude": 7.390943145583783e-18
      },
      "mc_estimate": 0.0,
      "mc_variance": 0.0,
      "cv_estimate": -0.016004599630832672,
      "cv_variance": 2.3753619871058618e-07,
      "variance_reduction": 0.0,
      "train_losses": [
        0.0,
        0.0,
        0.0,
        0.0,
        0.0,
        0.0,
        0.0,
        0.0,
        0.0,
        0.0,
        0.0,
        0.0,
        0.0,
        0.0,
        0.0,
        0.0,
        0.0,
        0.0,
        0.0,
        0.0,
        0.0,
        0.0,
        0.0,
        0.0,
        0.0,
        0.0,
        0.0,
        0.0,
        0.0,
        0.0,
        0.0,
        0.0,
        0.0,
        0.0,
        0.0,
        0.0,
        0.0,
        0.0,
        0.0,
        0.0,
        0.0,
        0.0,
        0.0,
        0.0,
        0.0,
        0.0,
        0.0,
        0.0,
        0.0,
        0.0
      ]
    },
    "Nonlinear (Case C)": {
      "sparsity": {
        "precision": 0.0,
        "recall": 0.0,
        "avg_magnitude": 0.007654338454206784
      },
      "mc_estimate": -7.266674219863489e-05,
      "mc_variance": 1.2102711934858235e-06,
      "cv_estimate": 0.0054951938800513744,
      "cv_variance": 2.640124876052141e-06,
      "variance_reduction": 0.458414226770401,
      "train_losses": [
        3.4446863992343424e-06,
        2.157450808226713e-06,
        3.939934686059132e-06,
        1.1647910014289664e-06,
        5.867201480214135e-07,
        1.0022406371490433e-07,
        5.201128487897222e-07,
        1.1213080597372027e-06,
        1.0302226201019948e-06,
        2.2866249764774693e-06,
        2.042928826995194e-06,
        6.505018745883717e-07,
        8.557613568882516e-07,
        2.6978584628523095e-06,
        3.526597254221997e-07,
        1.3482429039868293e-06,
        7.833003223822743e-07,
        7.582431749142415e-07,
        7.846703624636575e-07,
        1.3432673995339428e-06,
        2.657167215147638e-07,
        3.417665084270993e-07,
        1.2967664133611834e-06,
        3.1012004910735413e-06,
        1.478088279327494e-06,
        2.9082336823194055e-06,
        5.177850539439532e-07,
        1.4621974742112798e-06,
        1.1995784916507546e-06,
        3.819594098786183e-07,
        1.2427938145265216e-07,
        3.258907668168831e-07,
        3.7126875440662843e-07,
        1.6432911706942832e-06,
        1.4520069271384273e-06,
        2.8239719540579244e-06,
        7.14787518063531e-07,
        5.658338295688736e-07,
        1.4372379837368499e-06,
        1.030707721838553e-06,
        9.772059001988964e-07,
        1.4808520063525066e-06,
        1.8865395077227731e-06,
        1.9956004848609155e-07,
        8.811468887870433e-07,
        4.926858991893823e-07,
        1.1185859420947963e-06,
        4.772583679368836e-07,
        6.116858912719181e-07,
        1.4667416508018505e-06
      ]
    }
  },
  "greeks": {
    "true_rank": 5,
    "estimated_rank": 5,
    "pathwise_variance": 0.0025000402238219976,
    "restricted_variance": 0.00011006603017449379,
    "variance_reduction": 22.714004516601562,
    "delta_error": 0.049964286386966705
  },
  "robustness": {
    "error": "Output 0 of the user-provided function does not require gradients. The outputs must be computed in a differentiable manner from the input when running in strict mode."
  },
  "metadata": {
    "timestamp": "2025-08-22 08:40:55",
    "pytorch_version": "2.8.0+cu128",
    "cuda_available": false,
    "device": "cpu"
  }
}