{
  "synthetic_sde": {
    "Commuting (Case A)": {
      "sparsity": {
        "precision": 1.0,
        "recall": 1.0,
        "avg_magnitude": 2.6858980653048396e-16
      },
      "mc_estimate": 0.0,
      "mc_variance": 0.0,
      "cv_estimate": 0.001987770665436983,
      "cv_variance": 2.8548685637730387e-09,
      "variance_reduction": 0.0,
      "train_losses": [
        0.0,
        0.0,
        0.0,
        0.0,
        0.0,
        0.0,
        0.0,
        0.0,
        0.0,
        0.0,
        0.0,
        0.0,
        0.0,
        0.0,
        0.0,
        0.0,
        0.0,
        0.0,
        0.0,
        0.0,
        0.0,
        0.0,
        0.0,
        0.0,
        0.0,
        0.0,
        0.0,
        0.0,
        0.0,
        0.0,
        0.0,
        0.0,
        0.0,
        0.0,
        0.0,
        0.0,
        0.0,
        0.0,
        0.0,
        0.0,
        0.0,
        0.0,
        0.0,
        0.0,
        0.0,
        0.0,
        0.0,
        0.0,
        0.0,
        0.0
      ]
    },
    "Non-commuting (Case B)": {
      "sparsity": {
        "precision": 1.0,
        "recall": 1.0,
        "avg_magnitude": 3.2804097122056457e-17
      },
      "mc_estimate": 0.0,
      "mc_variance": 0.0,
      "cv_estimate": 0.001987770665436983,
      "cv_variance": 2.8548685637730387e-09,
      "variance_reduction": 0.0,
      "train_losses": [
        0.0,
        0.0,
        0.0,
        0.0,
        0.0,
        0.0,
        0.0,
        0.0,
        0.0,
        0.0,
        0.0,
        0.0,
        0.0,
        0.0,
        0.0,
        0.0,
        0.0,
        0.0,
        0.0,
        0.0,
        0.0,
        0.0,
        0.0,
        0.0,
        0.0,
        0.0,
        0.0,
        0.0,
        0.0,
        0.0,
        0.0,
        0.0,
        0.0,
        0.0,
        0.0,
        0.0,
        0.0,
        0.0,
        0.0,
        0.0,
        0.0,
        0.0,
        0.0,
        0.0,
        0.0,
        0.0,
        0.0,
        0.0,
        0.0,
        0.0
      ]
    },
    "Nonlinear (Case C)": {
      "sparsity": {
        "precision": 0.0,
        "recall": 0.0,
        "avg_magnitude": 0.006732922531076231
      },
      "mc_estimate": -1.488598900323268e-05,
      "mc_variance": 1.2187025504317717e-06,
      "cv_estimate": 0.002796217566356063,
      "cv_variance": 1.606658656783111e-06,
      "variance_reduction": 0.7585318684577942,
      "train_losses": [
        2.949391728179762e-06,
        2.7326632334734313e-06,
        1.940584752446739e-06,
        4.915499403068679e-07,
        3.9402516449627e-07,
        5.322119704942452e-07,
        1.8441090787746361e-07,
        8.427197712990164e-07,
        2.0884504010609817e-06,
        4.075196500252787e-07,
        3.970434590883087e-06,
        2.913582420660532e-06,
        6.880694627398043e-07,
        3.9926655404087796e-07,
        1.8079092569678323e-06,
        2.646481789270183e-07,
        1.0059656005978468e-06,
        7.556378136541753e-07,
        2.58358249993762e-06,
        3.7562392662948696e-07,
        1.671075892772933e-06,
        3.123339865851449e-06,
        3.6039423889633326e-07,
        2.9735306839029363e-07,
        1.1557648349480587e-06,
        5.232800504018087e-07,
        7.161011694734043e-07,
        7.17709895070584e-07,
        5.566453751271183e-07,
        9.287175544159254e-07,
        1.0044784630736103e-06,
        5.186720386518573e-07,
        7.087331823640852e-07,
        1.10133851194405e-06,
        1.4091426692175446e-06,
        1.459584154872573e-06,
        2.662628730831784e-07,
        6.493968953691365e-07,
        1.975677832888323e-06,
        1.584610913596407e-07,
        9.985267297452083e-07,
        1.801215603336459e-06,
        5.475887974171201e-07,
        6.617539156650309e-07,
        6.823079274909105e-07,
        8.070451826824865e-07,
        9.764650030774646e-07,
        7.042985998850781e-07,
        7.323602631004178e-07,
        2.7161420348420506e-06
      ]
    }
  },
  "greeks": {
    "true_rank": 5,
    "estimated_rank": 5,
    "pathwise_variance": 0.0025012283585965633,
    "restricted_variance": 4.293927122489549e-05,
    "variance_reduction": 58.250370025634766,
    "delta_error": 0.049420349299907684
  },
  "robustness": {
    "error": "Output 0 of the user-provided function does not require gradients. The outputs must be computed in a differentiable manner from the input when running in strict mode."
  },
  "metadata": {
    "timestamp": "2025-08-22 08:49:07",
    "pytorch_version": "2.8.0+cu128",
    "cuda_available": true,
    "device": "cuda"
  }
}