{
  "config": {
    "d_model": 64,
    "k": 16,
    "batch_size": 32,
    "epochs": 3,
    "lr": 0.005,
    "use_residual": false,
    "relation_names": [
      "->R1"
    ]
  },
  "training_time": 1.2936925888061523,
  "evaluation_time": 0.9108371734619141,
  "results": {
    "forward_accuracy": 0.0,
    "reverse_accuracy": 0.0,
    "reversal_gap": 0.0,
    "avg_composition_error": 0.11956895390991122,
    "avg_cycle_error": 2.6984253054251894e-07,
    "avg_orthogonality_error": 2.6984253054251894e-07,
    "avg_spectral_norm": 1.000000238418579
  }
}